<?xml version="1.0" encoding="UTF-8"?>
<configurationDescriptor version="95">
  <logicalFolder name="root" displayName="root" projectFiles="true" kind="ROOT">
    <logicalFolder name="HeaderFiles"
                   displayName="Header Files"
                   projectFiles="true">
      <itemPath>ComposantesConnexes.h</itemPath>
      <itemPath>GraphUsingAdjacencyLists.h</itemPath>
      <itemPath>GraphUsingAdjacencyMatrix.h</itemPath>
      <itemPath>GraphUsingListOfEdges.h</itemPath>
      <itemPath>ParcoursEnLargeur.h</itemPath>
      <itemPath>ParcoursEnProfondeur.h</itemPath>
    </logicalFolder>
    <logicalFolder name="ResourceFiles"
                   displayName="Resource Files"
                   projectFiles="true">
      <itemPath>mediumG.txt</itemPath>
      <itemPath>tinyG.txt</itemPath>
    </logicalFolder>
    <logicalFolder name="SourceFiles"
                   displayName="Source Files"
                   projectFiles="true">
      <itemPath>GraphUsingAdjacencyLists.cpp</itemPath>
      <itemPath>GraphUsingAdjacencyMatrix.cpp</itemPath>
      <itemPath>GraphUsingListOfEdges.cpp</itemPath>
      <itemPath>ex1.cpp</itemPath>
    </logicalFolder>
    <logicalFolder name="TestFiles"
                   displayName="Test Files"
                   projectFiles="false"
                   kind="TEST_LOGICAL_FOLDER">
    </logicalFolder>
    <logicalFolder name="ExternalFiles"
                   displayName="Important Files"
                   projectFiles="false"
                   kind="IMPORTANT_FILES_FOLDER">
      <itemPath>Makefile</itemPath>
    </logicalFolder>
  </logicalFolder>
  <sourceRootList>
    <Elem>.</Elem>
  </sourceRootList>
  <projectmakefile>Makefile</projectmakefile>
  <confs>
    <conf name="Debug" type="1">
      <toolsSet>
        <compilerSet>default</compilerSet>
        <dependencyChecking>true</dependencyChecking>
        <rebuildPropChanged>false</rebuildPropChanged>
      </toolsSet>
      <compileType>
        <ccTool>
          <commandLine>-std=c++0x</commandLine>
        </ccTool>
      </compileType>
      <item path="ComposantesConnexes.h" ex="false" tool="3" flavor2="0">
      </item>
      <item path="GraphUsingAdjacencyLists.cpp" ex="false" tool="1" flavor2="0">
      </item>
      <item path="GraphUsingAdjacencyLists.h" ex="false" tool="3" flavor2="0">
      </item>
      <item path="GraphUsingAdjacencyMatrix.cpp" ex="false" tool="1" flavor2="0">
      </item>
      <item path="GraphUsingAdjacencyMatrix.h" ex="false" tool="3" flavor2="0">
      </item>
      <item path="GraphUsingListOfEdges.cpp" ex="false" tool="1" flavor2="0">
      </item>
      <item path="GraphUsingListOfEdges.h" ex="false" tool="3" flavor2="0">
      </item>
      <item path="ParcoursEnLargeur.h" ex="false" tool="3" flavor2="0">
      </item>
      <item path="ParcoursEnProfondeur.h" ex="false" tool="3" flavor2="0">
      </item>
      <item path="ex1.cpp" ex="false" tool="1" flavor2="0">
      </item>
      <item path="mediumG.txt" ex="false" tool="3" flavor2="0">
      </item>
      <item path="tinyG.txt" ex="false" tool="3" flavor2="0">
      </item>
    </conf>
    <conf name="Release" type="1">
      <toolsSet>
        <compilerSet>default</compilerSet>
        <dependencyChecking>true</dependencyChecking>
        <rebuildPropChanged>false</rebuildPropChanged>
      </toolsSet>
      <compileType>
        <cTool>
          <developmentMode>5</developmentMode>
        </cTool>
        <ccTool>
          <developmentMode>5</developmentMode>
          <commandLine>-std=c++0x</commandLine>
        </ccTool>
        <fortranCompilerTool>
          <developmentMode>5</developmentMode>
        </fortranCompilerTool>
        <asmTool>
          <developmentMode>5</developmentMode>
        </asmTool>
      </compileType>
      <item path="ComposantesConnexes.h" ex="false" tool="3" flavor2="0">
      </item>
      <item path="GraphUsingAdjacencyLists.cpp" ex="false" tool="1" flavor2="0">
      </item>
      <item path="GraphUsingAdjacencyLists.h" ex="false" tool="3" flavor2="0">
      </item>
      <item path="GraphUsingAdjacencyMatrix.cpp" ex="false" tool="1" flavor2="0">
      </item>
      <item path="GraphUsingAdjacencyMatrix.h" ex="false" tool="3" flavor2="0">
      </item>
      <item path="GraphUsingListOfEdges.cpp" ex="false" tool="1" flavor2="0">
      </item>
      <item path="GraphUsingListOfEdges.h" ex="false" tool="3" flavor2="0">
      </item>
      <item path="ParcoursEnLargeur.h" ex="false" tool="3" flavor2="0">
      </item>
      <item path="ParcoursEnProfondeur.h" ex="false" tool="3" flavor2="0">
      </item>
      <item path="ex1.cpp" ex="false" tool="1" flavor2="0">
      </item>
      <item path="mediumG.txt" ex="false" tool="3" flavor2="0">
      </item>
      <item path="tinyG.txt" ex="false" tool="3" flavor2="0">
      </item>
    </conf>
  </confs>
</configurationDescriptor>
