<?xml version="1.0" encoding="UTF-8"?>
<configurationDescriptor version="89">
  <logicalFolder name="root" displayName="root" projectFiles="true" kind="ROOT">
    <logicalFolder name="HeaderFiles"
                   displayName="Header Files"
                   projectFiles="true">
      <itemPath>../Lab 2 - Ex 2/GraphFromImage.h</itemPath>
      <itemPath>../Lab 2 - Ex 2/ParcoursEnProfondeur.h</itemPath>
      <itemPath>../Lab 2 - Ex 2/bitmap_image.hpp</itemPath>
    </logicalFolder>
    <logicalFolder name="ResourceFiles"
                   displayName="Resource Files"
                   projectFiles="true">
      <itemPath>../Lab 2 - Ex 2/goal.bmp</itemPath>
      <itemPath>../Lab 2 - Ex 2/input.bmp</itemPath>
    </logicalFolder>
    <logicalFolder name="SourceFiles"
                   displayName="Source Files"
                   projectFiles="true">
      <itemPath>../Lab 2 - Ex 2/GraphFromImage.cpp</itemPath>
      <itemPath>../Lab 2 - Ex 2/ex2.cpp</itemPath>
    </logicalFolder>
    <logicalFolder name="TestFiles"
                   displayName="Test Files"
                   projectFiles="false"
                   kind="TEST_LOGICAL_FOLDER">
    </logicalFolder>
    <logicalFolder name="ExternalFiles"
                   displayName="Important Files"
                   projectFiles="false"
                   kind="IMPORTANT_FILES_FOLDER">
      <itemPath>Makefile</itemPath>
    </logicalFolder>
  </logicalFolder>
  <projectmakefile>Makefile</projectmakefile>
  <confs>
    <conf name="Debug" type="1">
      <toolsSet>
        <remote-sources-mode>LOCAL_SOURCES</remote-sources-mode>
        <compilerSet>default</compilerSet>
        <dependencyChecking>true</dependencyChecking>
        <rebuildPropChanged>false</rebuildPropChanged>
      </toolsSet>
      <compileType>
        <ccTool>
          <commandLine>-std=c++0x</commandLine>
        </ccTool>
      </compileType>
      <item path="../Lab 2 - Ex 2/GraphFromImage.cpp" ex="false" tool="1" flavor2="0">
      </item>
      <item path="../Lab 2 - Ex 2/GraphFromImage.h" ex="false" tool="3" flavor2="0">
      </item>
      <item path="../Lab 2 - Ex 2/ParcoursEnProfondeur.h"
            ex="false"
            tool="3"
            flavor2="0">
      </item>
      <item path="../Lab 2 - Ex 2/bitmap_image.hpp" ex="false" tool="3" flavor2="0">
      </item>
      <item path="../Lab 2 - Ex 2/ex2.cpp" ex="false" tool="1" flavor2="0">
      </item>
      <item path="../Lab 2 - Ex 2/goal.bmp" ex="false" tool="3" flavor2="0">
      </item>
      <item path="../Lab 2 - Ex 2/input.bmp" ex="false" tool="3" flavor2="0">
      </item>
    </conf>
    <conf name="Release" type="1">
      <toolsSet>
        <remote-sources-mode>LOCAL_SOURCES</remote-sources-mode>
        <compilerSet>default</compilerSet>
        <dependencyChecking>true</dependencyChecking>
        <rebuildPropChanged>false</rebuildPropChanged>
      </toolsSet>
      <compileType>
        <cTool>
          <developmentMode>5</developmentMode>
        </cTool>
        <ccTool>
          <developmentMode>5</developmentMode>
          <commandLine>-std=c++11</commandLine>
        </ccTool>
        <fortranCompilerTool>
          <developmentMode>5</developmentMode>
        </fortranCompilerTool>
        <asmTool>
          <developmentMode>5</developmentMode>
        </asmTool>
      </compileType>
      <item path="../Lab 2 - Ex 2/GraphFromImage.cpp" ex="false" tool="1" flavor2="0">
      </item>
      <item path="../Lab 2 - Ex 2/GraphFromImage.h" ex="false" tool="3" flavor2="0">
      </item>
      <item path="../Lab 2 - Ex 2/ParcoursEnProfondeur.h"
            ex="false"
            tool="3"
            flavor2="0">
      </item>
      <item path="../Lab 2 - Ex 2/bitmap_image.hpp" ex="false" tool="3" flavor2="0">
      </item>
      <item path="../Lab 2 - Ex 2/ex2.cpp" ex="false" tool="1" flavor2="0">
      </item>
      <item path="../Lab 2 - Ex 2/goal.bmp" ex="false" tool="3" flavor2="0">
      </item>
      <item path="../Lab 2 - Ex 2/input.bmp" ex="false" tool="3" flavor2="0">
      </item>
    </conf>
  </confs>
</configurationDescriptor>
