<?xml version="1.0" encoding="UTF-8"?>
<configurationDescriptor version="95">
  <logicalFolder name="root" displayName="root" projectFiles="true" kind="ROOT">
    <logicalFolder name="HeaderFiles"
                   displayName="Header Files"
                   projectFiles="true">
      <itemPath>../Lab 3/DiGraph.h</itemPath>
      <itemPath>../Lab 3/DirectedCycle.h</itemPath>
      <itemPath>../Lab 3/TopologicalSort.h</itemPath>
    </logicalFolder>
    <logicalFolder name="ResourceFiles"
                   displayName="Resource Files"
                   projectFiles="true">
      <itemPath>../Lab 3/prerequis.txt</itemPath>
      <itemPath>../Lab 3/prerequis2.txt</itemPath>
    </logicalFolder>
    <logicalFolder name="SourceFiles"
                   displayName="Source Files"
                   projectFiles="true">
      <itemPath>../Lab 3/DiGraph.cpp</itemPath>
      <itemPath>main.cpp</itemPath>
    </logicalFolder>
    <logicalFolder name="TestFiles"
                   displayName="Test Files"
                   projectFiles="false"
                   kind="TEST_LOGICAL_FOLDER">
    </logicalFolder>
    <logicalFolder name="ExternalFiles"
                   displayName="Important Files"
                   projectFiles="false"
                   kind="IMPORTANT_FILES_FOLDER">
      <itemPath>Makefile</itemPath>
    </logicalFolder>
    <itemPath>ParcoursEnProfondeur.h</itemPath>
    <itemPath>SymbolGraph.h</itemPath>
    <itemPath>Util.cpp</itemPath>
    <itemPath>Util.h</itemPath>
  </logicalFolder>
  <projectmakefile>Makefile</projectmakefile>
  <confs>
    <conf name="Debug" type="1">
      <toolsSet>
        <compilerSet>default</compilerSet>
        <dependencyChecking>true</dependencyChecking>
        <rebuildPropChanged>false</rebuildPropChanged>
      </toolsSet>
      <compileType>
        <ccTool>
          <commandLine>-std=c++0x</commandLine>
        </ccTool>
      </compileType>
      <item path="../Lab 3/DiGraph.cpp" ex="false" tool="1" flavor2="0">
      </item>
      <item path="../Lab 3/DiGraph.h" ex="false" tool="3" flavor2="0">
      </item>
      <item path="../Lab 3/DirectedCycle.h" ex="false" tool="3" flavor2="0">
      </item>
      <item path="../Lab 3/TopologicalSort.h" ex="false" tool="3" flavor2="0">
      </item>
      <item path="../Lab 3/prerequis.txt" ex="false" tool="3" flavor2="0">
      </item>
      <item path="../Lab 3/prerequis2.txt" ex="false" tool="3" flavor2="0">
      </item>
      <item path="ParcoursEnProfondeur.h" ex="false" tool="3" flavor2="0">
      </item>
      <item path="SymbolGraph.h" ex="false" tool="3" flavor2="0">
      </item>
      <item path="Util.cpp" ex="false" tool="1" flavor2="0">
      </item>
      <item path="Util.h" ex="false" tool="3" flavor2="0">
      </item>
      <item path="main.cpp" ex="false" tool="1" flavor2="0">
      </item>
    </conf>
    <conf name="Release" type="1">
      <toolsSet>
        <compilerSet>default</compilerSet>
        <dependencyChecking>true</dependencyChecking>
        <rebuildPropChanged>false</rebuildPropChanged>
      </toolsSet>
      <compileType>
        <cTool>
          <developmentMode>5</developmentMode>
        </cTool>
        <ccTool>
          <developmentMode>5</developmentMode>
        </ccTool>
        <fortranCompilerTool>
          <developmentMode>5</developmentMode>
        </fortranCompilerTool>
        <asmTool>
          <developmentMode>5</developmentMode>
        </asmTool>
      </compileType>
      <item path="../Lab 3/DiGraph.cpp" ex="false" tool="1" flavor2="0">
      </item>
      <item path="../Lab 3/DiGraph.h" ex="false" tool="3" flavor2="0">
      </item>
      <item path="../Lab 3/DirectedCycle.h" ex="false" tool="3" flavor2="0">
      </item>
      <item path="../Lab 3/TopologicalSort.h" ex="false" tool="3" flavor2="0">
      </item>
      <item path="../Lab 3/prerequis.txt" ex="false" tool="3" flavor2="0">
      </item>
      <item path="../Lab 3/prerequis2.txt" ex="false" tool="3" flavor2="0">
      </item>
      <item path="ParcoursEnProfondeur.h" ex="false" tool="3" flavor2="0">
      </item>
      <item path="SymbolGraph.h" ex="false" tool="3" flavor2="0">
      </item>
      <item path="Util.cpp" ex="false" tool="1" flavor2="0">
      </item>
      <item path="Util.h" ex="false" tool="3" flavor2="0">
      </item>
      <item path="main.cpp" ex="false" tool="1" flavor2="0">
      </item>
    </conf>
  </confs>
</configurationDescriptor>
